[
{
  "model": "clinic.direction",
  "pk": 1,
  "fields": {
    "title": "Компьютерная томография",
    "preview": "direction/preview/kt.jpg"
  }
},
{
  "model": "clinic.direction",
  "pk": 2,
  "fields": {
    "title": "Магнитно-резонансная томография",
    "preview": "direction/preview/kt1.jpg"
  }
},
{
  "model": "clinic.direction",
  "pk": 3,
  "fields": {
    "title": "Рентгенография",
    "preview": "direction/preview/rentgen.png"
  }
},
{
  "model": "clinic.direction",
  "pk": 4,
  "fields": {
    "title": "Ультразвуковая диагностика",
    "preview": "direction/preview/uzi2.jpg"
  }
},
{
  "model": "clinic.direction",
  "pk": 5,
  "fields": {
    "title": "Эндоскопическая диагностика",
    "preview": "direction/preview/endoskop.jpg"
  }
},
{
  "model": "clinic.direction",
  "pk": 6,
  "fields": {
    "title": "Маммография",
    "preview": "direction/preview/mamojpg.jpg"
  }
},
{
  "model": "clinic.direction",
  "pk": 7,
  "fields": {
    "title": "Функциональная диагностика",
    "preview": "direction/preview/fdi.jpg"
  }
},
{
  "model": "clinic.service",
  "pk": 1,
  "fields": {
    "direction": 1,
    "title": "МСКТ брюшной полости",
    "description": "Мультиспиральная компьютерная томография брюшной полости – метод для уточнения патологии органов брюшной полости и забрюшинного пространства. Путем послойного сканирования создаются изображения и 3D-модели обследуемого участка. Диагностика отличается высокой информативностью.\r\n\r\nМетод позволяет исследовать: печень, желчный пузырь, селезенку, поджелудочную железу с окружающими тканями, протоками и сосудами, сосудистую систему брюшной полости, лимфатические узлы в этой области.\r\n\r\nЧто показывает компьютерная диагностика брюшной полости\r\nРасположение органов брюшной полости и их размеры\r\nСостояние тканей и сосудов паренхиматозных органов\r\nНаличие воспалительных процессов и их локализация\r\nОпухолевые образования\r\nАномалии строения органов\r\nОструю хирургическую патологию (аппендицит, дивертикулит, и т.д.)\r\nСтепень распространенности онкологического заболевания",
    "price": 100.0,
    "preview": "services/preview/kt.jpg",
    "discount": 1.0
  }
},
{
  "model": "clinic.service",
  "pk": 2,
  "fields": {
    "direction": 1,
    "title": "МСКТ головного мозга",
    "description": "Этот метод исследования применяется для оценки состояния головного мозга и сосудов головы. Рентгеновские лучи проникают в ткани под разными углами, сканер фиксирует полученные изображения послойно, отображая все патологические изменения и аномалии. После завершения исследования врач изучает снимки и выполняет расшифровку результатов.",
    "price": 813.0,
    "preview": "services/preview/kt_yhIXhrj.jpg",
    "discount": 1.0
  }
},
{
  "model": "clinic.service",
  "pk": 3,
  "fields": {
    "direction": 1,
    "title": "МСКТ грудного отдела позвоночника",
    "description": "Среди современных методов диагностики КТ грудного отдела позвоночника считается одним из самых быстрых, информативных и доступных по цене. В результате процедуры пациент получает четкие послойные изображения всех костных структур исследуемого отдела и врачебное заключение с перечнем всех обнаруженных отклонений.",
    "price": 551.0,
    "preview": "services/preview/kt_Att1K1e.jpg",
    "discount": 1.0
  }
},
{
  "model": "clinic.service",
  "pk": 4,
  "fields": {
    "direction": 1,
    "title": "МСКТ грудной клетки",
    "description": "КТ грудной клетки используется для диагностики нарушений в костных структурах и расположенных в этой области внутренних органах. Всего за несколько минут врачи получают четкие и подробные снимки, позволяющие выявить все патологические процессы и поставить точный диагноз.",
    "price": 100.0,
    "preview": "services/preview/kt_LzyhbXb.jpg",
    "discount": 1.0
  }
},
{
  "model": "clinic.service",
  "pk": 5,
  "fields": {
    "direction": 1,
    "title": "МСКТ легких",
    "description": "\"Процедура позволяет\r\n\r\nВыявить очаги туберкулеза, размеры опухолей и их консистенцию\r\nРазграничить туберкулез и онкологические процессы на ранних стадиях\r\nДиагностировать эмфизему легких, свищи, очаги гнойных процессов\r\nОтличить опухоль от аневризмы\r\nПроследить процесс проникновения злокачественных тканей из области шеи\r\nОпределить первичность и вторичность опухоли, источник начала ее развития\r\nПроанализировать состояние сосудов и лимфатических узлов\r\nВыявить расслоение стенок артерий\r\nОценить степень тяжести состояния\r\nСделать достоверный прогноз развития заболевания, определиться с тактикой и методикой лечения\"",
    "price": 100.0,
    "preview": "services/preview/kt_V1ex69A.jpg",
    "discount": 1.0
  }
},
{
  "model": "clinic.service",
  "pk": 6,
  "fields": {
    "direction": 1,
    "title": "МСКТ носовых пазух",
    "description": "Слизистая оболочка носовых пазух очень чувствительна к воздействию инфекций. Частые воспаления на фоне поражения вирусами и бактериями приводят к сложным формам лор-заболеваний. Одним из лучших методов диагностики патологических процессов считается КТ носовых пазух. Благодаря высокоточному оборудованию врачи получают четкие послойные снимки тканей носовых пазух в 2 проекциях, что дает возможность выявлять болезни на любой стадии развития, в том числе на начальной.",
    "price": 100.0,
    "preview": "services/preview/kt_s04fbkB.jpg",
    "discount": 1.0
  }
},
{
  "model": "clinic.service",
  "pk": 7,
  "fields": {
    "direction": 1,
    "title": "МСКТ орбит (глазниц)",
    "description": "\"С помощью стандартных диагностических методов глазные орбиты визуализировать достаточно сложно. Компьютерная томография – один из самых информативных современных способов выявления заболеваний глаз, который успешно применяется офтальмологами, травматологами и нейрохирургами.\r\n\r\nНеинвазивность, безопасность, достоверность диагностических результатов – главные преимущества КТ орбит глаз. Обследование предполагает использование рентгеновских лучей, но лучевая нагрузка является минимальной и не вредит организму.\r\n\r\nПри сканировании сложной анатомической зоны врач получает изображения с толщиной среза до 1–2 мм. Это дает возможность обнаружить любые патологии воспалительного, деструктивного и травматического характера.",
    "price": 100.0,
    "preview": "services/preview/kt_IY1Ayr6.jpg",
    "discount": 1.0
  }
},
{
  "model": "clinic.service",
  "pk": 8,
  "fields": {
    "direction": 1,
    "title": "МСКТ позвоночника",
    "description": "\"Компьютерная томография позвоночника позволяет рассмотреть серьёзные изменения и самые мелкие подробности состояния тканей. Это современный рентгеновский метод получения послойных изображений, предварительно обработанных компьютером.\r\n\r\nОтличие КТ диагностики от рентгеновского исследования состоит в получении детальных четких снимков сосудов, органов, костных и мягких тканей, в том числе находящихся за костными структурами. Сканирование выполняется под разными углами, быстро, в течение нескольких секунд. Назначить процедуру может врач-ревматолог, травматолог, вертебролог.\"",
    "price": 100.0,
    "preview": "services/preview/kt_0eFn6lA.jpg",
    "discount": 1.0
  }
},
{
  "model": "clinic.service",
  "pk": 9,
  "fields": {
    "direction": 2,
    "title": "Высокопольная МРТ 3 тесла",
    "description": "Применение точных методов диагностики для выявления заболевания на самых ранних стадиях – один из основных принципов современной медицины. Поэтому высокопольная магнитно-резонансная томография 3 Тесла назначается достаточно часто – эта методика позволяет диагностировать самые разные патологии.",
    "price": 120.0,
    "preview": "services/preview/mrt_1.jpg",
    "discount": 1.0
  }
},
{
  "model": "clinic.service",
  "pk": 10,
  "fields": {
    "direction": 2,
    "title": "МРТ глаз и глазных орбит",
    "description": "\"РТ глазниц — диагностика болезней орбит глаза с использованием электромагнитных волн. В ходе обследования получают послойные изображения, которые позволяют обнаружить даже небольшие изменения и правильно поставить диагноз, проследить эффективность терапии в динамике.\r\n\r\nПроводится с контрастом или без него. При контрастировании в вену вводится гипоаллергенное контрастное вещество на основе солей гадолиния. Оно распределяется по сосудам глаз, повышая информативность исследования, затем выводится почками.\"",
    "price": 120.0,
    "preview": "services/preview/mrt_1_hVoReCs.jpg",
    "discount": 1.0
  }
},
{
  "model": "clinic.service",
  "pk": 11,
  "fields": {
    "direction": 2,
    "title": "МРТ 1,5 Тесла",
    "description": "С помощью современных магнитно-резонансных томографов врачи решают самые разные диагностические задачи. МРТ 1,5 тесла – наиболее востребованный вид томографического обследования, применяемый для оценки состояния разных органов. Высокопольные аппараты способны визуализировать патологические образования малых размеров, которые неразличимы при выполнении процедуры на менее мощных томографах.",
    "price": 120.0,
    "preview": "services/preview/mrt_1_rHy1ZS9.jpg",
    "discount": 1.0
  }
},
{
  "model": "clinic.service",
  "pk": 12,
  "fields": {
    "direction": 2,
    "title": "МРТ брюшной полости",
    "description": "\"анная процедура дает возможность обследовать труднодоступные зоны, расположенные в брюшной полости. На четких трехмерных снимках видны:\r\n\r\nорганы ЖКТ — печень, поджелудочная железа\r\nорганы забрюшинного пространства — почки, надпочечники\r\nселезенка\r\nжелудок, тонкий, а также толстый кишечник\r\nжелчный пузырь и его протоки\r\nНа томографию брюшной полости направляют пациентов с уже диагностированными заболеваниями и тех, кто впервые обратился к врачу с жалобами на резкое похудение, горечь во рту, пожелтение кожи, частые боли в животе, увеличение лимфатических узлов и другие признаки нарушения работы внутренних органов.\"",
    "price": 120.0,
    "preview": "services/preview/mrt_1_Hqv6b4q.jpg",
    "discount": 1.0
  }
},
{
  "model": "clinic.service",
  "pk": 13,
  "fields": {
    "direction": 2,
    "title": "МРТ головного мозга",
    "description": "\"Процедура МРТ безопасна и безболезненна. При сканировании не применяется рентгеновское излучение, поэтому обследование можно проводить многократно.\r\n\r\nИсследование всех структур головного мозга проводится на высокочувствительном томографе. Работа аппарата основана на использовании мощных магнитных полей и высокочастотных импульсов. Полученная в ходе сканирования информация обрабатывается с помощью компьютерной программы, и в результате получаются четкие послойные изображения, дающие врачу возможность увидеть:\r\n\r\nсостояние кровеносных сосудов, желудочков и других отделов мозга\r\nизменения в тканях шеи и головы\r\nповреждения, связанные с полученными травмами\r\nналичие тромбов, кровоизлияний, кист, отека мозга, гнойного воспаления\r\nналичие опухолевых образований, в том числе на начальной стадии\"",
    "price": 150.0,
    "preview": "avatars/avatar.png",
    "discount": 1.0
  }
},
{
  "model": "clinic.service",
  "pk": 14,
  "fields": {
    "direction": 2,
    "title": "МРТ мягких тканей",
    "description": "\"МРТ мягких тканей проводится двумя способами:\r\n\r\nБез контрастирования. Выполняют серию снимков в боковой, прямой и поперечной проекциях и получают 3D модель органа или области.\r\nС внутривенным контрастированием, когда в вену вводят контрастное вещество на основе гадолиния. МРТ мягких тканей с контрастом применяется, когда нужно более детально исследовать кровеносное русло изучаемой области, определить структуру и размеры патологического образования. Вещество выводится почками и печенью в течение 24-72 часов.\"",
    "price": 120.0,
    "preview": "services/preview/mrt_1_QmupUhg.jpg",
    "discount": 1.0
  }
},
{
  "model": "clinic.service",
  "pk": 15,
  "fields": {
    "direction": 2,
    "title": "МРТ органов малого таза",
    "description": "МРТ органов малого таза – точное, безопасное и информативное обследование людей любого пола и возраста. Метод позволяет предупредить развитие новообразований или обнаружить их на начальной стадии. Точность обследования позволяет рассмотреть ткани и органы в разных плоскостях, с частотой срезов – до миллиметра. В результате обследования без контраста и с контрастированием получают качественные снимки – основания для составления плана лечения. Процедура полностью безболезненна, без вмешательства в организм.",
    "price": 120.0,
    "preview": "services/preview/mrt_1_guKKaOG.jpg",
    "discount": 1.0
  }
},
{
  "model": "clinic.service",
  "pk": 16,
  "fields": {
    "direction": 2,
    "title": "МРТ позвоночника",
    "description": "Одним из самых достоверных способов обследования позвоночника является магнитно-резонансная томография. Благодаря безопасному для человека воздействию электромагнитных волн врачам удается диагностировать патологические процессы на ранних стадиях, что способствует быстрому и успешному лечению многих заболеваний позвоночного столба.",
    "price": 120.0,
    "preview": "services/preview/mrt_1_hFHShht.jpg",
    "discount": 1.0
  }
},
{
  "model": "clinic.service",
  "pk": 17,
  "fields": {
    "direction": 2,
    "title": "МРТ суставов",
    "description": "МРТ-обследование позволяет с высокой степенью точности проанализировать состояние опорно-двигательного аппарата, выявить патологические очаги, их локацию и степень развития. Своевременное обнаружение проблем позволяет вовремя начать лечение и сохранить функции суставов.",
    "price": 120.0,
    "preview": "services/preview/mrt_1_z9I5MfU.jpg",
    "discount": 1.0
  }
},
{
  "model": "clinic.service",
  "pk": 18,
  "fields": {
    "direction": 3,
    "title": "Рентген грудной клетки",
    "description": "Этот метод исследования позволяет проецировать и фиксировать изображение внутренних органов, их структуры на специальной пленке. Рентген – относится к направлению лучевой терапии. Современное оборудование сделало рентгенографию абсолютно безопасной для людей в плане лучевой нагрузки.",
    "price": 50.0,
    "preview": "services/preview/grudnoy_kletki.jpg",
    "discount": 1.0
  }
},
{
  "model": "clinic.service",
  "pk": 19,
  "fields": {
    "direction": 3,
    "title": "Рентген органов ЖКТ",
    "description": "Этот метод исследования позволяет проецировать и фиксировать изображение внутренних органов, их структуры на специальной пленке. Рентген – относится к направлению лучевой терапии. Современное оборудование сделало рентгенографию абсолютно безопасной для людей в плане лучевой нагрузки.",
    "price": 50.0,
    "preview": "services/preview/rentgen.jpeg",
    "discount": 1.0
  }
},
{
  "model": "clinic.service",
  "pk": 20,
  "fields": {
    "direction": 3,
    "title": "Рентген костно-суставной системы",
    "description": "Этот метод исследования позволяет проецировать и фиксировать изображение внутренних органов, их структуры на специальной пленке. Рентген – относится к направлению лучевой терапии. Современное оборудование сделало рентгенографию абсолютно безопасной для людей в плане лучевой нагрузки.",
    "price": 60.0,
    "preview": "services/preview/pozvon.jpg",
    "discount": 1.0
  }
},
{
  "model": "clinic.service",
  "pk": 21,
  "fields": {
    "direction": 3,
    "title": "Рентген ЛОР-органов",
    "description": "Этот метод исследования позволяет проецировать и фиксировать изображение внутренних органов, их структуры на специальной пленке. Рентген – относится к направлению лучевой терапии. Современное оборудование сделало рентгенографию абсолютно безопасной для людей в плане лучевой нагрузки.",
    "price": 50.0,
    "preview": "services/preview/rentgen_5V6l2IA.jpeg",
    "discount": 1.0
  }
},
{
  "model": "clinic.service",
  "pk": 22,
  "fields": {
    "direction": 3,
    "title": "Рентген мочеполовой системы",
    "description": "Этот метод исследования позволяет проецировать и фиксировать изображение внутренних органов, их структуры на специальной пленке. Рентген – относится к направлению лучевой терапии. Современное оборудование сделало рентгенографию абсолютно безопасной для людей в плане лучевой нагрузки.",
    "price": 60.0,
    "preview": "services/preview/rentgen_FpvheG3.jpeg",
    "discount": 0.9
  }
},
{
  "model": "clinic.service",
  "pk": 23,
  "fields": {
    "direction": 3,
    "title": "Рентген молочных желез",
    "description": "Этот метод исследования позволяет проецировать и фиксировать изображение внутренних органов, их структуры на специальной пленке. Рентген – относится к направлению лучевой терапии. Современное оборудование сделало рентгенографию абсолютно безопасной для людей в плане лучевой нагрузки.",
    "price": 50.0,
    "preview": "services/preview/rentgen_Ut9Qqg5.jpeg",
    "discount": 1.0
  }
},
{
  "model": "clinic.service",
  "pk": 24,
  "fields": {
    "direction": 4,
    "title": "Дуплексное/триплексное сканирование экстракраниальных отделов брахиоцефальных артерий",
    "description": "\"Данное исследование предоставляет информацию об анатомии и функционировании сонных, подключичных и позвоночных артерий. Это те сосуды, которые непосредственно снабжают кровью головной мозг. Во время выполнения исследования возможно выявление атеросклеротических бляшек (морфологический субстрат (причина) инсульта) с описанием их структуры, степени стенозирования (перекрытия) просвета сосуда. Также анализируются возможные аномалии развития, хода и диаметров сосудов. Определяется ход позвоночных артерий в канале поперечных отростков шейных позвонков, их сдавление или перекрытие при различных заболеваниях позвоночника. Полученная информация позволяет лечащему врачу не только уточнить природу неврологических жалоб (головная боль, головокружения, обмороки, нарушения зрения, снижение памяти, шум в ушах, онемения рук и т.д.), но и в случае обнаружения атеросклеротических бляшек выбрать оптимальное лечение, направленное на профилактику инсульта.\r\n\r\nДанное исследование необходимо проводить пациентам с описанными выше жалобами, а также в качестве диспансеризации людям после 40 лет, особенно больным сахарным диабетом, перенесшим инсульт или транзиторные ишемические атаки, курильщикам.\"",
    "price": 40.0,
    "preview": "services/preview/uzi.jpg",
    "discount": 1.0
  }
},
{
  "model": "clinic.service",
  "pk": 25,
  "fields": {
    "direction": 4,
    "title": "Дуплексное/триплексное сканирование транскраниальное артерий и вен",
    "description": "Данное исследование является очень информативным и востребованным, однако достаточно редким, что связано с необходимостью иметь дополнительный датчик и специфическое программное обеспечение для аппарата УЗИ. В идеале данное исследование должно выполняться одновременно с исследованием экстракраниальных отделов брахиоцефальных артерий (сонные, подключичные и позвоночные) у неврологических пациентов. Врач-диагност, проводящий транскраниальное сканирование, должен обладать навыками выполнения данного исследования и безупречным знанием анатомии головного мозга. Через кости черепа осуществляется визуализация кровотока по основным артериям Вилизиева круга головного мозга. При этом возможно выявление сосудистых аневризм, закупорки, сужения артерий и другой, в том числе венозной, патологии. Данное исследование обязательно к выполнению перед операциями на сонных артериях.",
    "price": 40.0,
    "preview": "services/preview/uzi_cbsROvW.jpg",
    "discount": 1.0
  }
},
{
  "model": "clinic.service",
  "pk": 26,
  "fields": {
    "direction": 4,
    "title": "Дуплексное/триплексное сканирование артерий нижних конечностей",
    "description": "Данное исследование предоставляет информацию об анатомии и функционировании аорты, подвздошных артерий и магистральных артерий нижних конечностей. Во время выполнения исследования возможно выявление не только хронических заболеваний - атеросклеротических бляшек с описанием их структуры и определением степени стенозирования (перекрытия) сосуда или его окклюзии (полное закрытие просвета), различных артериальных аневризм (локальные расширения просвета сосудов с резким истончением стенок), аутоиммунных поражений стенок, но и таких грозных острых состояний, как артериальная эмболия или тромбоз. Полученная информация позволяет лечащему врачу не только уточнить природу жалоб (боли в нижних конечностях, перемежающая хромота при ходьбе, онемения и покалывания в ногах, изменение цвета кожи, похолодание конечностей, трофические изменения), но и подобрать оптимальное лечение. Данное исследование необходимо проводить пациентам с описанными выше жалобами, а также больным сахарным диабетом, атеросклерозом, перенесшим инсульт или транзиторные ишемические атаки, курильщикам.",
    "price": 40.0,
    "preview": "services/preview/uzi_T7bl543.jpg",
    "discount": 0.8
  }
},
{
  "model": "clinic.service",
  "pk": 27,
  "fields": {
    "direction": 4,
    "title": "Дуплексное/триплексное сканирование вен нижних конечностей",
    "description": "Данное исследование предоставляет информацию об анатомии и функционировании нижней полой вены, подвздошных вен и магистральных (поверхностных и глубоких) вен нижних конечностей. Во время выполнения исследования возможно выявление не только хронических заболеваний вен (варикозная болезнь, клапанная недостаточность, посттромботическая болезнь, лимфостаз и т.д.), но и самых грозных заболеваний – острых венозных тромбозов (флеботромбоз, тромбофлебит). Острые венозные тромбозы дают какую-либо клиническую картину только в 50% случаях, часто единственным их проявлением служит тромбоэмболия легочной артерии, влекущая за собой внезапную смерть. Известен целый ряд заболеваний, при которых возрастает риск венозных тромбозов и, соответственно, УЗИ вен быть выполнено обязательно: онкологические заболевания, прием гормональных препаратов (особенно гинекологической направленности), травма нижних конечностей и посттравматический период, длительная иммобилизация или снижение двигательной активности (послеоперационный период, травма, инсульт, инфаркт), патологии свертывания крови, наличие варикозной болезни, патология беременности, тяжелые соматические и инфекционные заболевания и т.д. Ультразвуковое дуплексное сканирование при варикозной болезни позволяет оценить степень ее выраженности, патологические механизмы, ведущие к прогрессированию заболевания, а также определить необходимый объем оперативного вмешательства.",
    "price": 40.0,
    "preview": "services/preview/uzi_Jn2PD2h.jpg",
    "discount": 1.0
  }
},
{
  "model": "clinic.service",
  "pk": 29,
  "fields": {
    "direction": 4,
    "title": "Ультразвуковое исследование периферического нерва",
    "description": "УЗИ периферических нервов наиболее информативно в плане диагностики так называемых «тоннельных синдромов», когда имеет место поражение основных нервных стволов предплечья. Возможна диагностика рубцовых изменений, повреждений крупных нервных стволов верхних и нижних конечностей, особенно седалищного, локтевого, лучевого и берцовых нервов.",
    "price": 40.0,
    "preview": "services/preview/uzi_S4Cw8jo.jpg",
    "discount": 1.0
  }
},
{
  "model": "clinic.service",
  "pk": 30,
  "fields": {
    "direction": 5,
    "title": "Гастроскопия",
    "description": "\"Гастроскопия или ЭГДС (Эзофагогастродуоденоскопия) – один из видов эндоскопического обследования. В ходе исследования врач-эндоскопист осматривает слизистую оболочку пищевода, желудка и другие органы верхнего отдела ЖКТ.\r\n\r\nСегодня этот вид исследования может выполняться под наркозом, что делает его более комфортным для пациента.\"",
    "price": 80.0,
    "preview": "services/preview/gastro.jpg",
    "discount": 0.8
  }
},
{
  "model": "clinic.service",
  "pk": 31,
  "fields": {
    "direction": 5,
    "title": "Колоноскопия",
    "description": "\"Колоноскопия (ФКС, или фиброколоноскопия) – высокоинформативный и быстрый способ диагностики болезней кишечника. Суть колоноскопии в том, что она позволяет выявить кровотечения, сужение просвета кишки, опухоли, спайки, полипы и свищи, воспаление слизистой, перфорацию кишечника и другие патологии.\r\n\r\nПроцедура может быть диагностической или лечебной. В ходе диагностики возможны дополнительные манипуляции, например выполнение биопсии. Это позволит сразу же отправить образец тканей на лабораторное исследование.\"",
    "price": 90.0,
    "preview": "services/preview/gastro_UACc05N.jpg",
    "discount": 1.0
  }
},
{
  "model": "clinic.service",
  "pk": 32,
  "fields": {
    "direction": 5,
    "title": "Гастроскопия и колоноскопия под наркозом",
    "description": "\"Болезни желудка и кишечника долго протекают бессимптомно. Даже если есть жалобы, люди не идут к врачу из-за страха боли и дискомфорта. Болезнь прогрессирует, что опасно для здоровья и жизни.\r\n\r\nКолоноскопия и гастроскопия – эндоскопические методы диагностики заболеваний пищеварительной системы. Процедуры проводят при помощи зонда с видеокамерой и наконечником. Обследования похожи, но применяются для оценки состояния разных участков ЖКТ. Колоноскоп вводят через анальное отверстие для изучения нижних отделов, а гастроскоп – через ротовую полость для осмотра верхних отделов ЖКТ.\"",
    "price": 70.0,
    "preview": "services/preview/gastro_QR6QA1u.jpg",
    "discount": 1.0
  }
},
{
  "model": "clinic.service",
  "pk": 33,
  "fields": {
    "direction": 5,
    "title": "Эндоскопия ЛОР органов",
    "description": "\"Эндоскопия – высокоинформативная, безболезненная, простая в использовании и безопасная диагностическая методика, позволяющая проводить обследование верхних дыхательных путей. Применяется к пациентам без ограничения возраста.\r\n\r\nОдно из главных ее преимуществ – отсутствие воздействия электромагнитных волн.\"",
    "price": 60.0,
    "preview": "services/preview/gastro_9OLGVUG.jpg",
    "discount": 1.0
  }
},
{
  "model": "clinic.service",
  "pk": 34,
  "fields": {
    "direction": 5,
    "title": "Цистоскопия",
    "description": "Цистоскопия — эндоскопическое исследование, во время которого врач осматривает стенки органов мочеполовой системы с помощью оптического оборудования. Главная цель исследования — определение патологий мочевого пузыря, уретры, мочеточников. Процедура носит диагностический характер, однако во время исследования врач может совершить биопсию биологического материала или введение лекарственных средств.",
    "price": 60.0,
    "preview": "services/preview/cisto.jpg",
    "discount": 1.0
  }
},
{
  "model": "clinic.service",
  "pk": 35,
  "fields": {
    "direction": 6,
    "title": "Компьютерная маммография",
    "description": "\"Автоматизированная система использует цифровое изображение для поиска патологических изменений:\r\n\r\nпо массе участков\r\nпо плотности тканей\r\nпо наличию отложений кальция\r\nПрограмма подчеркивает эти участки и дает сообщение о необходимости дальнейшей диагностики.\r\n\r\nВ диагностике значение использования методики – второстепенное, так как:\r\n\r\nотсутствует возможность детализации\r\nпатологию определить достаточно сложно, особенно при мастопатии\r\nнедостаточно высокая эффективность приразличного рода образованиях\r\nМожно использовать компьютерную маммографию при диагностировании:\r\n\r\nузла в малодоступных для пальпирования участках\r\nпри раке с высокой плотностью образования\r\nесли необходимо выявить метастазы в кости\"",
    "price": 90.0,
    "preview": "services/preview/kmamo.jpg",
    "discount": 0.7
  }
},
{
  "model": "clinic.service",
  "pk": 36,
  "fields": {
    "direction": 6,
    "title": "УЗИ-маммография",
    "description": "\"Маммография характеризуется высокой эффективностью, но в отдельных случаях результаты могут быть недостоверными:\r\n\r\nпри обследовании молодых женщин с плотной тканью груди\r\nпри мастопатии диффузного типа\r\nпри изменениях вследствие воспалительных процессов\r\nЧем отличается УЗИ? Методика УЗИ имеет определенные преимущества:\r\n\r\nэто дополнительный метод при затруднении постановки диагноза после маммографии\r\nметод прост и безопасен, может повторяться с нужной частотой\r\nиспользуется для обследования женщин при беременности и в период лактации\r\nдля визуализации опухолей, расположенных близко к костям\r\nПозволяет отличить – где уплотнение, а где киста\r\nМожно использовать при воспалении или травме\r\nМожно исследовать состояние лимфатических узлов\r\nИспользуется как контрольное исследование после проведения операций и\"",
    "price": 100.0,
    "preview": "services/preview/uzi_ZXmLSdx.jpg",
    "discount": 0.6
  }
},
{
  "model": "clinic.service",
  "pk": 37,
  "fields": {
    "direction": 6,
    "title": "МРТ-маммография",
    "description": "Максимально точная методика, не использующая облучение. Единственный ее недостаток - дороговизна. Исследование может проводиться с введением контрастного вещества.",
    "price": 100.0,
    "preview": "services/preview/mrt.jpg",
    "discount": 1.0
  }
},
{
  "model": "clinic.service",
  "pk": 38,
  "fields": {
    "direction": 6,
    "title": "Электроимпедансная маммография",
    "description": "Современная методика, основанная на свойствах проводимости тока различными тканями. Степень проводимости, которую показывают здоровые и пораженные болезнью участки, существенно разнятся.",
    "price": 90.0,
    "preview": "services/preview/mammo-skrin.jpg",
    "discount": 1.0
  }
},
{
  "model": "clinic.service",
  "pk": 39,
  "fields": {
    "direction": 7,
    "title": "электрокардиография",
    "description": "Электрокардиография (ЭКГ)– высокоинформативный метод оценки состояния сердца, основанный на регистрации и последующем анализе возникающих при его работе электрических потенциалов. ЭКГ незаменима для определения источника ритма сердца, выявления аритмий и нарушений проводимости. Используется для диагностики гипертрофии миокарда, ишемической болезни сердца, в том числе ее безболевой формы, инфаркта.",
    "price": 50.0,
    "preview": "services/preview/ecg.jpg",
    "discount": 0.9
  }
},
{
  "model": "clinic.service",
  "pk": 40,
  "fields": {
    "direction": 7,
    "title": "велоэргометрия",
    "description": "Велоэргометрия (ВЭМ) - нагрузочная проба, которая традиционно используется для диагностики ишемической болезни сердца, оценки тяжести поражения коронарных артерий, риска осложнений, эффективности терапии и дальнейшего прогноза. ВЭМ позволяет оценить индивидуальную толерантность к физической нагрузке и определить, какая именно нагрузка безопасна для конкретного пациента.",
    "price": 80.0,
    "preview": "services/preview/velo.jpg",
    "discount": 0.5
  }
},
{
  "model": "clinic.service",
  "pk": 41,
  "fields": {
    "direction": 7,
    "title": "исследование функции внешнего дыхания",
    "description": "Основным методом исследования функций внешнего дыхания является спирометрия (спирография), в ходе которой измеряются легочные объемы и скорость выдыхаемого воздуха. Для этого пациент во время процедуры выполняет специальные дыхательные маневры. Полученные данные обрабатываются компьютерной программой и представляются в цифровом и графическом виде.",
    "price": 70.0,
    "preview": "services/preview/spiro.jpg",
    "discount": 0.7
  }
},
{
  "model": "clinic.doctor",
  "pk": 1,
  "fields": {
    "name": "Джон Майкл Дориан",
    "direction": 1,
    "preview": "avatars/vrach1_8FHd55U.png",
    "description": ""
  }
},
{
  "model": "clinic.doctor",
  "pk": 2,
  "fields": {
    "name": "Кристофер Дункан Тёрк",
    "direction": 2,
    "preview": "avatars/vrach4_gl6VKQH.png",
    "description": ""
  }
},
{
  "model": "clinic.doctor",
  "pk": 3,
  "fields": {
    "name": "Эллиот Рид",
    "direction": 3,
    "preview": "avatars/vrach5_TwWYhPP.png",
    "description": ""
  }
},
{
  "model": "clinic.doctor",
  "pk": 4,
  "fields": {
    "name": "Персиваль Улисс Кокс",
    "direction": 4,
    "preview": "avatars/vrach7_mzEeKKY.png",
    "description": ""
  }
},
{
  "model": "clinic.doctor",
  "pk": 5,
  "fields": {
    "name": "Роберт Келсо",
    "direction": 5,
    "preview": "avatars/vrach8_S3GP1Sj.png",
    "description": ""
  }
},
{
  "model": "clinic.doctor",
  "pk": 6,
  "fields": {
    "name": "Дениз Махоуни",
    "direction": 6,
    "preview": "avatars/vrach6_mQnMGah.png",
    "description": ""
  }
},
{
  "model": "clinic.doctor",
  "pk": 7,
  "fields": {
    "name": "Коул Аронсон",
    "direction": 7,
    "preview": "avatars/vrach2_JISzwV4.png",
    "description": ""
  }
},
{
  "model": "clinic.schedule",
  "pk": 1,
  "fields": {
    "day": "1",
    "doctor": [
      1,
      3,
      6,
      7
    ]
  }
},
{
  "model": "clinic.schedule",
  "pk": 2,
  "fields": {
    "day": "0",
    "doctor": [
      1,
      2,
      3,
      6,
      7
    ]
  }
},
{
  "model": "clinic.schedule",
  "pk": 3,
  "fields": {
    "day": "2",
    "doctor": [
      1,
      2,
      3,
      4
    ]
  }
},
{
  "model": "clinic.schedule",
  "pk": 4,
  "fields": {
    "day": "3",
    "doctor": [
      3,
      4,
      5,
      6,
      7
    ]
  }
},
{
  "model": "clinic.schedule",
  "pk": 5,
  "fields": {
    "day": "4",
    "doctor": [
      1,
      3,
      5,
      7
    ]
  }
},
{
  "model": "clinic.schedule",
  "pk": 6,
  "fields": {
    "day": "5",
    "doctor": [
      2,
      4,
      6
    ]
  }
},
{
  "model": "clinic.schedule",
  "pk": 7,
  "fields": {
    "day": "6",
    "doctor": [
      1,
      4
    ]
  }
},
{
  "model": "clinic.order",
  "pk": 2,
  "fields": {
    "user": 1,
    "doctor": 1,
    "service": 3,
    "data": "2023-01-01",
    "time": null,
    "data_created": "2023-09-20T10:45:25.762Z",
    "status": "CN",
    "price": null
  }
},
{
  "model": "clinic.order",
  "pk": 3,
  "fields": {
    "user": 1,
    "doctor": 1,
    "service": 2,
    "data": "2023-12-03",
    "time": "14:15:00",
    "data_created": "2023-09-20T10:46:07.597Z",
    "status": "IW",
    "price": null
  }
},
{
  "model": "clinic.order",
  "pk": 4,
  "fields": {
    "user": 1,
    "doctor": 1,
    "service": 4,
    "data": "2023-01-01",
    "time": "12:00:00",
    "data_created": "2023-09-20T10:47:57.988Z",
    "status": "CN",
    "price": null
  }
},
{
  "model": "clinic.order",
  "pk": 5,
  "fields": {
    "user": 1,
    "doctor": 1,
    "service": 1,
    "data": "2023-10-01",
    "time": "12:00:00",
    "data_created": "2023-09-20T11:13:23.789Z",
    "status": "IW",
    "price": null
  }
},
{
  "model": "clinic.order",
  "pk": 6,
  "fields": {
    "user": 1,
    "doctor": 1,
    "service": 1,
    "data": "2023-10-01",
    "time": "13:00:00",
    "data_created": "2023-09-20T11:52:10.488Z",
    "status": "IW",
    "price": null
  }
},
{
  "model": "clinic.order",
  "pk": 7,
  "fields": {
    "user": 1,
    "doctor": 1,
    "service": 1,
    "data": "2023-10-01",
    "time": "08:00:00",
    "data_created": "2023-09-20T12:50:43.601Z",
    "status": "IW",
    "price": null
  }
},
{
  "model": "clinic.order",
  "pk": 8,
  "fields": {
    "user": 1,
    "doctor": 1,
    "service": 1,
    "data": "2023-10-01",
    "time": "09:00:00",
    "data_created": "2023-09-20T13:33:02.438Z",
    "status": "IW",
    "price": null
  }
},
{
  "model": "clinic.order",
  "pk": 9,
  "fields": {
    "user": 1,
    "doctor": 1,
    "service": 1,
    "data": "2023-10-01",
    "time": "11:15:00",
    "data_created": "2023-09-20T13:34:15.533Z",
    "status": "IW",
    "price": null
  }
},
{
  "model": "clinic.order",
  "pk": 10,
  "fields": {
    "user": 1,
    "doctor": 1,
    "service": 2,
    "data": "2023-11-01",
    "time": "10:00:00",
    "data_created": "2023-09-20T14:52:31.861Z",
    "status": "IW",
    "price": null
  }
},
{
  "model": "clinic.order",
  "pk": 11,
  "fields": {
    "user": 1,
    "doctor": 1,
    "service": 2,
    "data": "2023-10-01",
    "time": "11:00:00",
    "data_created": "2023-09-20T15:15:17.217Z",
    "status": "CN",
    "price": null
  }
},
{
  "model": "clinic.order",
  "pk": 12,
  "fields": {
    "user": 1,
    "doctor": 1,
    "service": 1,
    "data": "2023-10-01",
    "time": "11:00:00",
    "data_created": "2023-09-20T15:18:18.331Z",
    "status": "CN",
    "price": null
  }
},
{
  "model": "clinic.order",
  "pk": 13,
  "fields": {
    "user": 1,
    "doctor": 1,
    "service": 1,
    "data": "2023-10-01",
    "time": "11:00:00",
    "data_created": "2023-09-20T15:18:56.700Z",
    "status": "IW",
    "price": null
  }
},
{
  "model": "clinic.order",
  "pk": 14,
  "fields": {
    "user": 1,
    "doctor": 1,
    "service": 1,
    "data": "2023-09-27",
    "time": "09:15:00",
    "data_created": "2023-09-20T15:34:16.173Z",
    "status": "IW",
    "price": 100.0
  }
},
{
  "model": "clinic.order",
  "pk": 15,
  "fields": {
    "user": 1,
    "doctor": 1,
    "service": 5,
    "data": "2023-11-01",
    "time": "08:00:00",
    "data_created": "2023-09-20T15:36:45.473Z",
    "status": "IW",
    "price": 100.0
  }
},
{
  "model": "clinic.order",
  "pk": 16,
  "fields": {
    "user": 1,
    "doctor": 3,
    "service": 22,
    "data": "2023-10-02",
    "time": "12:00:00",
    "data_created": "2023-09-20T15:37:57.328Z",
    "status": "IW",
    "price": 54.0
  }
},
{
  "model": "clinic.order",
  "pk": 17,
  "fields": {
    "user": 1,
    "doctor": 1,
    "service": 6,
    "data": "2023-11-01",
    "time": "09:00:00",
    "data_created": "2023-09-21T13:42:25.574Z",
    "status": "IW",
    "price": 100.0
  }
},
{
  "model": "clinic.order",
  "pk": 18,
  "fields": {
    "user": 1,
    "doctor": 4,
    "service": 24,
    "data": "2023-09-23",
    "time": "08:00:00",
    "data_created": "2023-09-21T14:07:48.989Z",
    "status": "IW",
    "price": 40.0
  }
},
{
  "model": "clinic.order",
  "pk": 19,
  "fields": {
    "user": 2,
    "doctor": 1,
    "service": 3,
    "data": "2023-10-10",
    "time": "08:00:00",
    "data_created": "2023-09-21T15:05:25.127Z",
    "status": "CN",
    "price": 100.0
  }
},
{
  "model": "clinic.order",
  "pk": 20,
  "fields": {
    "user": 2,
    "doctor": 1,
    "service": 3,
    "data": "2023-11-01",
    "time": "13:00:00",
    "data_created": "2023-09-21T15:39:38.787Z",
    "status": "CN",
    "price": 551.0
  }
},
{
  "model": "clinic.order",
  "pk": 21,
  "fields": {
    "user": 2,
    "doctor": 1,
    "service": 6,
    "data": "2023-11-10",
    "time": "12:00:00",
    "data_created": "2023-09-21T15:42:00.196Z",
    "status": "CN",
    "price": 100.0
  }
},
{
  "model": "clinic.order",
  "pk": 22,
  "fields": {
    "user": 2,
    "doctor": 1,
    "service": 1,
    "data": "2023-10-09",
    "time": "10:00:00",
    "data_created": "2023-09-21T16:38:46.254Z",
    "status": "IW",
    "price": 100.0
  }
},
{
  "model": "clinic.order",
  "pk": 23,
  "fields": {
    "user": 2,
    "doctor": 1,
    "service": 4,
    "data": "2023-11-01",
    "time": "17:00:00",
    "data_created": "2023-09-22T11:51:59.262Z",
    "status": "IW",
    "price": 100.0
  }
}
]
